,REWS,P,X,Y,YLD,index,id,name,x,y,h,D
0,3.4691961703990155,316.32798945948315,293224.82404139003,6040365.769425193,2.7710331876650725,0,0,T0,293224.82404139003,6040365.769425193,150.0,240.0
1,6.938021299650053,4234.68984731104,291184.82404139003,6036525.769425193,37.09588306244471,1,1,T1,291184.82404139003,6036525.769425193,150.0,240.0
2,9.378598729041805,10528.350838071474,288784.82404139003,6032565.769425193,92.22835334150611,2,2,T2,288784.82404139003,6032565.769425193,150.0,240.0
3,4.313104602711817,856.1292386616557,298024.82404139003,6043845.769425193,7.499692130676103,3,3,T3,298024.82404139003,6043845.769425193,150.0,240.0
4,7.691500089688511,5820.193192112791,293944.82404139003,6043485.769425193,50.98489236290804,4,4,T4,293944.82404139003,6043485.769425193,150.0,240.0
5,5.932250891892457,2572.8718443520443,290464.82404139003,6034845.769425193,22.53835735652391,5,5,T5,290464.82404139003,6034845.769425193,150.0,240.0
6,9.674268694506274,11543.090159545533,289024.82404139003,6034125.769425193,101.11746979761887,6,6,T6,289024.82404139003,6034125.769425193,150.0,240.0
7,8.136959002591057,6857.363339120226,299104.82404139003,6040965.769425193,60.070502850693174,7,7,T7,299104.82404139003,6040965.769425193,150.0,240.0
8,8.537418113072173,7957.824974722331,288904.82404139003,6036285.769425193,69.71054677856762,8,8,T8,288904.82404139003,6036285.769425193,150.0,240.0
9,5.675036760154313,2257.2701047093424,300304.82404139003,6040965.769425193,19.773686117253842,9,9,T9,300304.82404139003,6040965.769425193,150.0,240.0
10,7.0851572358072685,4521.406799099169,294064.82404139003,6045885.769425193,39.60752356010872,10,10,T10,294064.82404139003,6045885.769425193,150.0,240.0
11,8.912902486193243,8989.656032059032,281224.82404139003,6030525.769425193,78.74938684083713,11,11,T11,281224.82404139003,6030525.769425193,150.0,240.0
12,8.59282420072992,8110.08090360582,291424.82404139003,6037605.769425193,71.04430871558698,12,12,T12,291424.82404139003,6037605.769425193,150.0,240.0
13,6.648202355110826,3746.9245636515197,295864.82404139003,6039885.769425193,32.82305917758731,13,13,T13,295864.82404139003,6039885.769425193,150.0,240.0
14,8.348108804052782,7437.602993537043,295624.82404139003,6042165.769425193,65.1534022233845,14,14,T14,295624.82404139003,6042165.769425193,150.0,240.0
15,4.776674270349065,1242.74634147112,293344.82404139003,6036525.769425193,10.886457951287012,15,15,T15,293344.82404139003,6036525.769425193,150.0,240.0
16,5.860251783569846,2484.5289384402013,295144.82404139003,6046965.769425193,21.76447350073616,16,16,T16,295144.82404139003,6046965.769425193,150.0,240.0
17,6.147725979706841,2904.6228238466138,288904.82404139003,6039525.769425193,25.444495936896335,17,17,T17,288904.82404139003,6039525.769425193,150.0,240.0
18,5.746580161728662,2345.0538584410688,293824.82404139003,6047325.769425193,20.542671799943765,18,18,T18,293824.82404139003,6047325.769425193,150.0,240.0
19,8.161235570705685,6924.075348299222,287704.82404139003,6036285.769425193,60.65490005110119,19,19,T19,287704.82404139003,6036285.769425193,150.0,240.0
20,5.745061315149939,2343.190233688975,292744.82404139003,6041445.769425193,20.52634644711542,20,20,T20,292744.82404139003,6041445.769425193,150.0,240.0
21,6.297674205820495,3156.9856883958923,287944.82404139003,6038805.769425193,27.655194630348014,21,21,T21,287944.82404139003,6038805.769425193,150.0,240.0
22,5.359297298888915,1869.8577857366988,289264.82404139003,6038445.769425193,16.379954203053483,22,22,T22,289264.82404139003,6038445.769425193,150.0,240.0
23,4.706847339657511,1184.5106812743638,292624.82404139003,6044205.769425193,10.376313567963427,23,23,T23,292624.82404139003,6044205.769425193,150.0,240.0
24,6.696233876646609,3827.761614396243,296104.82404139003,6037125.769425193,33.53119174211109,24,24,T24,296104.82404139003,6037125.769425193,150.0,240.0
25,3.222735757076288,186.93627246505122,291664.82404139003,6044805.769425193,1.6375617467938488,25,25,T25,291664.82404139003,6044805.769425193,150.0,240.0
26,5.867461088807773,2493.3747559671374,287584.82404139003,6040005.769425193,21.841962862272126,26,26,T26,287584.82404139003,6040005.769425193,150.0,240.0
27,4.911321920081852,1355.0424813482641,282304.82404139003,6033885.769425193,11.870172136610792,27,27,T27,282304.82404139003,6033885.769425193,150.0,240.0
28,7.100593963579069,4554.472269986366,286864.82404139003,6033405.769425193,39.897177085080564,28,28,T28,286864.82404139003,6033405.769425193,150.0,240.0
29,7.650303158086787,5731.949364621898,290224.82404139003,6039165.769425193,50.21187643408783,29,29,T29,290224.82404139003,6039165.769425193,150.0,240.0
30,6.066352914001197,2767.671954264014,293464.82404139003,6038565.769425193,24.24480631935276,30,30,T30,293464.82404139003,6038565.769425193,150.0,240.0
31,10.237833515843604,13215.86559246313,283864.82404139003,6031725.769425193,115.77098258997701,31,31,T31,283864.82404139003,6031725.769425193,150.0,240.0
32,10.239453336288637,13219.644633561391,280744.82404139003,6028365.769425193,115.80408698999778,32,32,T32,280744.82404139003,6028365.769425193,150.0,240.0
33,7.3452118133219555,5078.443704135629,289864.82404139003,6040245.769425193,44.48716684822811,33,33,T33,289864.82404139003,6040245.769425193,150.0,240.0
34,8.95265394739542,9098.893047442616,286144.82404139003,6031485.769425193,79.7063030955973,34,34,T34,286144.82404139003,6031485.769425193,150.0,240.0
35,5.815416919053644,2429.516559678821,288904.82404139003,6037365.769425193,21.28256506278647,35,35,T35,288904.82404139003,6037365.769425193,150.0,240.0
36,7.984501072783357,6447.80129790195,285424.82404139003,6033525.769425193,56.482739369621086,36,36,T36,285424.82404139003,6033525.769425193,150.0,240.0
37,9.215456020957305,9968.44506392547,291664.82404139003,6034365.769425193,87.32357875998711,37,37,T37,291664.82404139003,6034365.769425193,150.0,240.0
38,5.530126626386615,2079.4653705763762,292624.82404139003,6039405.769425193,18.216116646249056,38,38,T38,292624.82404139003,6039405.769425193,150.0,240.0
39,4.829790016584544,1287.04487383151,283384.82404139003,6033525.769425193,11.274513094764027,39,39,T39,283384.82404139003,6033525.769425193,150.0,240.0
40,10.231108108383186,13200.175216857973,280264.82404139003,6031125.769425193,115.63353489967584,40,40,T40,280264.82404139003,6031125.769425193,150.0,240.0
41,8.056858357600412,6637.246766685931,295024.82404139003,6038925.769425193,58.14228167616876,41,41,T41,295024.82404139003,6038925.769425193,150.0,240.0
42,4.311772051781209,855.0178911855284,297424.82404139003,6042765.769425193,7.489956726785229,42,42,T42,297424.82404139003,6042765.769425193,150.0,240.0
43,7.0518851865878265,4450.138069671124,287464.82404139003,6034845.769425193,38.98320949031905,43,43,T43,287464.82404139003,6034845.769425193,150.0,240.0
44,5.180004318293324,1649.8652985459091,290584.82404139003,6041445.769425193,14.452820015262166,44,44,T44,290584.82404139003,6041445.769425193,150.0,240.0
45,4.996357123000058,1425.9618405820484,291664.82404139003,6041805.769425193,12.491425723498743,45,45,T45,291664.82404139003,6041805.769425193,150.0,240.0
46,10.239001422245188,13218.590318098024,280864.82404139003,6029445.769425193,115.7948511865387,46,46,T46,280864.82404139003,6029445.769425193,150.0,240.0
47,7.154083105753731,4669.046012524492,295024.82404139003,6043125.769425193,40.90084306971455,47,47,T47,295024.82404139003,6043125.769425193,150.0,240.0
48,7.051389363196787,4449.076015967517,286864.82404139003,6039165.769425193,38.973905899875454,48,48,T48,286864.82404139003,6039165.769425193,150.0,240.0
49,6.899738527583903,4170.2599419237085,291424.82404139003,6035445.769425193,36.53147709125169,49,49,T49,291424.82404139003,6035445.769425193,150.0,240.0
50,8.913035177951285,8990.02066901013,283504.82404139003,6030165.769425193,78.75258106052875,50,50,T50,283504.82404139003,6030165.769425193,150.0,240.0
51,6.476451679355824,3457.8681763558516,296224.82404139003,6045885.769425193,30.290925224877263,51,51,T51,296224.82404139003,6045885.769425193,150.0,240.0
52,6.22675054710977,3037.621170785743,289624.82404139003,6042285.769425193,26.609561456083107,52,52,T52,289624.82404139003,6042285.769425193,150.0,240.0
53,8.341035290131732,7418.164977281998,290104.82404139003,6036885.769425193,64.9831252009903,53,53,T53,290104.82404139003,6036885.769425193,150.0,240.0
54,4.4941460195303895,1007.1177802883449,287704.82404139003,6032565.769425193,8.8223517553259,54,54,T54,287704.82404139003,6032565.769425193,150.0,240.0
55,7.326394687538798,5038.137420708105,297064.82404139003,6040245.769425193,44.134083805403,55,55,T55,297064.82404139003,6040245.769425193,150.0,240.0
56,8.913035182081725,8990.02068036058,282184.82404139003,6029805.769425193,78.75258115995868,56,56,T56,282184.82404139003,6029805.769425193,150.0,240.0
57,5.994360392876057,2649.0802020589226,298144.82404139003,6038445.769425193,23.205942570036164,57,57,T57,298144.82404139003,6038445.769425193,150.0,240.0
58,7.3133841033887625,5010.26874945873,299104.82404139003,6039045.769425193,43.88995424525848,58,58,T58,299104.82404139003,6039045.769425193,150.0,240.0
59,7.854982899712363,6170.373371183881,296344.82404139003,6043125.769425193,54.0524707315708,59,59,T59,296344.82404139003,6043125.769425193,150.0,240.0
60,6.817106932036083,4031.1909666167276,286624.82404139003,6037005.769425193,35.31323286756253,60,60,T60,286624.82404139003,6037005.769425193,150.0,240.0
61,4.338254215540762,877.1040157609957,294424.82404139003,6040605.769425193,7.683431178066322,61,61,T61,294424.82404139003,6040605.769425193,150.0,240.0
62,8.629781155587944,8211.63861555567,298624.82404139003,6042885.769425193,71.93395427226767,62,62,T62,298624.82404139003,6042885.769425193,150.0,240.0
63,6.390060385181515,3312.47162826049,289384.82404139003,6041205.769425193,29.017251463561895,63,63,T63,289384.82404139003,6041205.769425193,150.0,240.0
64,5.007011504093127,1437.6031155222665,285064.82404139003,6031845.769425193,12.593403291975056,64,64,T64,285064.82404139003,6031845.769425193,150.0,240.0
65,7.555312743885683,5528.479897403132,295144.82404139003,6045525.769425193,48.42948390125144,65,65,T65,295144.82404139003,6045525.769425193,150.0,240.0
66,10.239453336288637,13219.644633561391,279424.82404139003,6030165.769425193,115.80408698999778,66,66,T66,279424.82404139003,6030165.769425193,150.0,240.0
67,6.470950861495952,3448.6102998976876,288544.82404139003,6035205.769425193,30.209826227103743,67,67,T67,288544.82404139003,6035205.769425193,150.0,240.0
68,5.771093792720267,2375.1320836677673,289864.82404139003,6035805.769425193,20.806157052929642,68,68,T68,289864.82404139003,6035805.769425193,150.0,240.0
69,9.247074222555689,10076.958731811124,284464.82404139003,6030765.769425193,88.27415849066546,69,69,T69,284464.82404139003,6030765.769425193,150.0,240.0
70,7.879130005000693,6222.0964707114845,287944.82404139003,6033765.769425193,54.50556508343261,70,70,T70,287944.82404139003,6033765.769425193,150.0,240.0
71,7.445794599047295,5293.892031159306,280864.82404139003,6032085.769425193,46.37449419295551,71,71,T71,280864.82404139003,6032085.769425193,150.0,240.0
72,6.395044568332186,3320.8600085030694,285664.82404139003,6037725.769425193,29.090733674486884,72,72,T72,285664.82404139003,6037725.769425193,150.0,240.0
73,3.5398926956405683,353.44366521129837,293104.82404139003,6042525.769425193,3.096166507250974,73,73,T73,293104.82404139003,6042525.769425193,150.0,240.0
74,6.678917270340915,3798.6177659837604,296704.82404139003,6041325.769425193,33.27589163001774,74,74,T74,296704.82404139003,6041325.769425193,150.0,240.0
75,5.473506698925892,2009.9927195820692,291064.82404139003,6043725.769425193,17.60753622353893,75,75,T75,291064.82404139003,6043725.769425193,150.0,240.0
76,8.09419640391433,6739.851717956578,293584.82404139003,6035565.769425193,59.04110104929962,76,76,T76,293584.82404139003,6035565.769425193,150.0,240.0
77,6.735436613508718,3893.739820535172,294664.82404139003,6037845.769425193,34.109160827888104,77,77,T77,294664.82404139003,6037845.769425193,150.0,240.0
78,6.152350581773851,2912.4060291253904,292624.82404139003,6034965.769425193,25.51267681513842,78,78,T78,292624.82404139003,6034965.769425193,150.0,240.0
79,5.9349740070269,2576.2131066220068,292024.82404139003,6042885.769425193,22.567626814008783,79,79,T79,292024.82404139003,6042885.769425193,150.0,240.0
80,6.728445709716858,3881.9741294534724,301024.82404139003,6040125.769425193,34.006093374012416,80,80,T80,301024.82404139003,6040125.769425193,150.0,240.0
81,6.37552273857757,3288.00476902605,285064.82404139003,6036765.769425193,28.802921776668196,81,81,T81,285064.82404139003,6036765.769425193,150.0,240.0
82,5.619833549880546,2189.53576570343,284464.82404139003,6032925.769425193,19.18033330756205,82,82,T82,284464.82404139003,6032925.769425193,150.0,240.0
83,5.068168792617351,1512.6431085414902,285304.82404139003,6034605.769425193,13.250753630823453,83,83,T83,285304.82404139003,6034605.769425193,150.0,240.0
84,7.062489749869323,4472.853044220091,293824.82404139003,6044685.769425193,39.182192667368,84,84,T84,293824.82404139003,6044685.769425193,150.0,240.0
85,6.156077085435558,2918.6777347880443,288304.82404139003,6040845.769425193,25.56761695674327,85,85,T85,288304.82404139003,6040845.769425193,150.0,240.0
86,4.698520722820585,1177.566282832368,297784.82404139003,6041685.769425193,10.315480637611543,86,86,T86,297784.82404139003,6041685.769425193,150.0,240.0
87,4.646456918941698,1134.1450703973765,298144.82404139003,6039885.769425193,9.93511081668102,87,87,T87,298144.82404139003,6039885.769425193,150.0,240.0
88,10.239453336288637,13219.644633561391,281824.82404139003,6028725.769425193,115.80408698999778,88,88,T88,281824.82404139003,6028725.769425193,150.0,240.0
89,5.9168777396626995,2554.008986566132,286624.82404139003,6035925.769425193,22.373118722319315,89,89,T89,286624.82404139003,6035925.769425193,150.0,240.0
90,6.598789680397417,3663.7630321088523,292504.82404139003,6037245.769425193,32.094564161273546,90,90,T90,292504.82404139003,6037245.769425193,150.0,240.0
91,5.656384791339504,2234.3841389735717,297184.82404139003,6039045.769425193,19.57320505740849,91,91,T91,297184.82404139003,6039045.769425193,150.0,240.0
92,8.789390004541893,8650.243732481122,282904.82404139003,6032445.769425193,75.77613509653462,92,92,T92,282904.82404139003,6032445.769425193,150.0,240.0
93,4.489626202788289,1003.3482531254328,281824.82404139003,6031485.769425193,8.789330697378793,93,93,T93,281824.82404139003,6031485.769425193,150.0,240.0
94,8.961821926227483,9124.086653273123,287224.82404139003,6031605.769425193,79.92699908267257,94,94,T94,287224.82404139003,6031605.769425193,150.0,240.0
95,10.239357491246322,13219.42102707767,285544.82404139003,6030645.769425193,115.80212819720039,95,95,T95,285544.82404139003,6030645.769425193,150.0,240.0
96,6.4734706311907395,3452.8510722940146,296104.82404139003,6044325.769425193,30.246975393295568,96,96,T96,296104.82404139003,6044325.769425193,150.0,240.0
97,4.594615513470131,1090.9093382340895,297184.82404139003,6044685.769425193,9.556365802930626,97,97,T97,297184.82404139003,6044685.769425193,150.0,240.0
98,6.235416106821798,3052.2053077810865,292744.82404139003,6045405.769425193,26.73731849616232,98,98,T98,292744.82404139003,6045405.769425193,150.0,240.0
99,5.68878166469133,2274.135102576262,297064.82404139003,6037725.769425193,19.921423498568053,99,99,T99,297064.82404139003,6037725.769425193,150.0,240.0
100,9.323186068607672,10338.174587461532,281824.82404139003,6032805.769425193,90.56240938616301,100,100,T100,281824.82404139003,6032805.769425193,150.0,240.0
101,9.355194628792766,10448.027966016774,285544.82404139003,6035685.769425193,91.52472498230695,101,101,T101,285544.82404139003,6035685.769425193,150.0,240.0
102,6.549475503031611,3580.7672716022016,292384.82404139003,6038325.769425193,31.367521299235282,102,102,T102,292384.82404139003,6038325.769425193,150.0,240.0
103,8.524442643655599,7922.168384765585,294424.82404139003,6036045.769425193,69.39819505054652,103,103,T103,294424.82404139003,6036045.769425193,150.0,240.0
104,6.916015461994703,4197.6540225370845,294904.82404139003,6044325.769425193,36.77144923742486,104,104,T104,294904.82404139003,6044325.769425193,150.0,240.0
105,4.692677785145576,1172.6932728114102,282904.82404139003,6031125.769425193,10.272793069827953,105,105,T105,282904.82404139003,6031125.769425193,150.0,240.0
106,6.316929831340545,3189.3929061461367,284224.82404139003,6035925.769425193,27.939081857840158,106,106,T106,284224.82404139003,6035925.769425193,150.0,240.0
107,6.992194055459307,4325.862595338013,290344.82404139003,6037965.769425193,37.89455633516099,107,107,T107,290344.82404139003,6037965.769425193,150.0,240.0
108,5.449978254379302,1981.1233181234038,295504.82404139003,6040965.769425193,17.354640266761017,108,108,T108,295504.82404139003,6040965.769425193,150.0,240.0
109,6.2080125199127085,3006.0850710130885,284344.82404139003,6034125.769425193,26.333305222074653,109,109,T109,284344.82404139003,6034125.769425193,150.0,240.0
110,8.273825473563203,7233.4724013516825,286024.82404139003,6032565.769425193,63.365218235840736,110,110,T110,286024.82404139003,6032565.769425193,150.0,240.0
111,5.214691844564879,1692.426893281106,294064.82404139003,6039525.769425193,14.82565958514249,111,111,T111,294064.82404139003,6039525.769425193,150.0,240.0
112,7.409039826778551,5215.163308959657,294544.82404139003,6041805.769425193,45.6848305864866,112,112,T112,294544.82404139003,6041805.769425193,150.0,240.0
113,8.934166504650769,9048.089554780312,296104.82404139003,6038565.769425193,79.26126449987554,113,113,T113,296104.82404139003,6038565.769425193,150.0,240.0
114,6.059149232286904,2755.5481579388597,286744.82404139003,6038085.769425193,24.138601863544412,114,114,T114,286744.82404139003,6038085.769425193,150.0,240.0
115,9.142172812885281,9716.937093822286,290704.82404139003,6033765.769425193,85.12036894188323,115,115,T115,290704.82404139003,6033765.769425193,150.0,240.0
116,6.243924404942433,3066.524773518115,299464.82404139003,6042045.769425193,26.862757016018687,116,116,T116,299464.82404139003,6042045.769425193,150.0,240.0
117,5.079291902540517,1526.291164417215,293104.82404139003,6046485.769425193,13.370310600294804,117,117,T117,293104.82404139003,6046485.769425193,150.0,240.0
118,5.879856681941254,2508.5841487419184,291304.82404139003,6038805.769425193,21.975197142979205,118,118,T118,291304.82404139003,6038805.769425193,150.0,240.0
119,5.7186366746949755,2310.767199850735,286384.82404139003,6034485.769425193,20.242320670692436,119,119,T119,286384.82404139003,6034485.769425193,150.0,240.0
120,5.6806145031119755,2264.113995318394,294784.82404139003,6048045.769425193,19.83363859898913,120,120,T120,294784.82404139003,6048045.769425193,150.0,240.0
121,7.3391889993046835,5065.542836510632,287704.82404139003,6037485.769425193,44.37415524783313,121,121,T121,287704.82404139003,6037485.769425193,150.0,240.0
122,6.092769113555084,2812.1304181132064,293704.82404139003,6037485.769425193,24.634262462671686,122,122,T122,293704.82404139003,6037485.769425193,150.0,240.0
123,10.239453322160744,13219.644600601016,283144.82404139003,6029085.769425193,115.80408670126491,123,123,T123,283144.82404139003,6029085.769425193,150.0,240.0
124,6.6914336583287435,3819.6828469672755,283624.82404139003,6034965.769425193,33.460421739433336,124,124,T124,283624.82404139003,6034965.769425193,150.0,240.0
125,7.584144526323323,5590.237575384557,290704.82404139003,6042645.769425193,48.97048116036872,125,125,T125,290704.82404139003,6042645.769425193,150.0,240.0
126,10.239453336288637,13219.644633561391,279784.82404139003,6029085.769425193,115.80408698999778,126,126,T126,279784.82404139003,6029085.769425193,150.0,240.0
127,4.396879406183384,925.9974247569423,292024.82404139003,6040365.769425193,8.111737440870815,127,127,T127,292024.82404139003,6040365.769425193,150.0,240.0
128,5.478437164520567,2016.0424008667362,289744.82404139003,6033165.769425193,17.66053143159261,128,128,T128,289744.82404139003,6033165.769425193,150.0,240.0
129,5.201846671521846,1676.665865957305,299704.82404139003,6040005.769425193,14.687592985785992,129,129,T129,299704.82404139003,6040005.769425193,150.0,240.0
130,7.572810544855442,5565.960187080357,295024.82404139003,6036885.769425193,48.757811238823926,130,130,T130,295024.82404139003,6036885.769425193,150.0,240.0
131,9.121361285399578,9645.511931491352,292264.82404139003,6036165.769425193,84.49468451986424,131,131,T131,292264.82404139003,6036165.769425193,150.0,240.0
132,6.051059128005957,2741.932512434026,290944.82404139003,6040005.769425193,24.01932880892207,132,132,T132,290944.82404139003,6040005.769425193,150.0,240.0
133,8.419965018307005,7635.06387030765,282278.42664909153,6039815.14875722,66.88315950389502,0,0,T0,282278.42664909153,6039815.14875722,150.0,240.0
134,6.04028403819732,2723.798036286089,286238.42664909153,6041975.14875722,23.86047079786614,1,1,T1,286238.42664909153,6041975.14875722,150.0,240.0
135,7.607840496370965,5640.994343226607,280358.42664909153,6039935.14875722,49.415110446665075,2,2,T2,280358.42664909153,6039935.14875722,150.0,240.0
136,3.923212093035318,554.686348843542,276038.42664909153,6035135.14875722,4.859052415869428,3,3,T3,276038.42664909153,6035135.14875722,150.0,240.0
137,4.484579537067762,999.1393339145134,287798.42664909153,6052775.14875722,8.752460565091138,4,4,T4,287798.42664909153,6052775.14875722,150.0,240.0
138,6.144523992944713,2899.233880125951,281558.42664909153,6042815.14875722,25.39728878990333,5,5,T5,281558.42664909153,6042815.14875722,150.0,240.0
139,4.563918651361747,1065.3081552356969,288998.42664909153,6044735.14875722,9.332099439864704,6,6,T6,288998.42664909153,6044735.14875722,150.0,240.0
140,5.50154982831531,2044.4016393428858,291518.42664909153,6045815.14875722,17.90895836064368,7,7,T7,291518.42664909153,6045815.14875722,150.0,240.0
141,5.01200458019472,1443.7296198989213,290558.42664909153,6045095.14875722,12.64707147031455,8,8,T8,290558.42664909153,6045095.14875722,150.0,240.0
142,5.596166333520486,2160.4960912296365,288398.42664909153,6049415.14875722,18.925945759171615,9,9,T9,288398.42664909153,6049415.14875722,150.0,240.0
143,10.239001422245188,13218.590318098024,278318.42664909153,6031535.14875722,115.7948511865387,10,10,T10,278318.42664909153,6031535.14875722,150.0,240.0
144,6.277994520977602,3123.864778805304,287438.42664909153,6041255.14875722,27.36505546233446,11,11,T11,287438.42664909153,6041255.14875722,150.0,240.0
145,5.146101173163528,1608.2661394716486,281798.42664909153,6035255.14875722,14.08841138177164,12,12,T12,281798.42664909153,6035255.14875722,150.0,240.0
146,7.021123500853389,4384.24653882796,286958.42664909153,6048095.14875722,38.40599968013293,13,13,T13,286958.42664909153,6048095.14875722,150.0,240.0
147,7.642728239935962,5715.72388994283,283358.42664909153,6039575.14875722,50.06974127589919,14,14,T14,283358.42664909153,6039575.14875722,150.0,240.0
148,7.198551797533217,4764.297950316151,290558.42664909153,6049175.14875722,41.73525004476949,15,15,T15,290558.42664909153,6049175.14875722,150.0,240.0
149,6.278421383827343,3124.5831889814185,284558.42664909153,6042575.14875722,27.371348735477227,16,16,T16,284558.42664909153,6042575.14875722,150.0,240.0
150,5.323917157295538,1826.4463520016252,282398.42664909153,6044975.14875722,15.999670043534238,17,17,T17,282398.42664909153,6044975.14875722,150.0,240.0
151,10.239453336288637,13219.644633561391,274958.42664909153,6033095.14875722,115.80408698999778,18,18,T18,274958.42664909153,6033095.14875722,150.0,240.0
152,8.71738373045035,8452.370491277565,279518.42664909153,6037775.14875722,74.04276550359147,19,19,T19,279518.42664909153,6037775.14875722,150.0,240.0
153,8.885941621021008,8915.56757456573,278078.42664909153,6034535.14875722,78.1003719531958,20,20,T20,278078.42664909153,6034535.14875722,150.0,240.0
154,6.645745243773317,3742.7892452704923,277838.42664909153,6036095.14875722,32.78683378856952,21,21,T21,277838.42664909153,6036095.14875722,150.0,240.0
155,6.74253153575801,3905.680574680731,286238.42664909153,6044495.14875722,34.2137618342032,22,22,T22,286238.42664909153,6044495.14875722,150.0,240.0
156,5.912840490579897,2549.0552819415334,289478.42664909153,6054335.14875722,22.329724269807834,23,23,T23,289478.42664909153,6054335.14875722,150.0,240.0
157,4.670509968837738,1154.2053140106736,289598.42664909153,6045695.14875722,10.1108385507335,24,24,T24,289598.42664909153,6045695.14875722,150.0,240.0
158,9.29439118852693,10239.350559024424,278678.42664909153,6036935.14875722,89.69671089705396,25,25,T25,278678.42664909153,6036935.14875722,150.0,240.0
159,3.796601754757069,488.2159212474613,291518.42664909153,6047135.14875722,4.276771470127762,26,26,T26,291518.42664909153,6047135.14875722,150.0,240.0
160,9.677467131292492,11554.067194595831,280718.42664909153,6033215.14875722,101.21362862465948,27,27,T27,280718.42664909153,6033215.14875722,150.0,240.0
161,7.564228237428226,5547.576884571261,281438.42664909153,6034175.14875722,48.596773508844244,28,28,T28,281438.42664909153,6034175.14875722,150.0,240.0
162,8.144144929748883,6877.1102669499305,285278.42664909153,6038855.14875722,60.24348593848139,29,29,T29,285278.42664909153,6038855.14875722,150.0,240.0
163,4.71078485413029,1187.7945683446621,280598.42664909153,6037415.14875722,10.40508041869924,30,30,T30,280598.42664909153,6037415.14875722,150.0,240.0
164,5.64190575070548,2216.6183561156245,288758.42664909153,6051455.14875722,19.417576799572867,31,31,T31,288758.42664909153,6051455.14875722,150.0,240.0
165,4.871166192669666,1321.5526046865011,289118.42664909153,6047855.14875722,11.576800817053751,32,32,T32,289118.42664909153,6047855.14875722,150.0,240.0
166,3.290704996887472,222.62012336592278,292238.42664909153,6048575.14875722,1.9501522806854834,33,33,T33,292238.42664909153,6048575.14875722,150.0,240.0
167,6.897017801744576,4165.680960336121,291518.42664909153,6052055.14875722,36.491365212544416,34,34,T34,291518.42664909153,6052055.14875722,150.0,240.0
168,7.649441262541644,5730.103184364201,279638.42664909153,6039095.14875722,50.195703895030405,35,35,T35,279638.42664909153,6039095.14875722,150.0,240.0
169,5.794073609070483,2403.3283183294825,276638.42664909153,6036095.14875722,21.053156068566267,36,36,T36,276638.42664909153,6036095.14875722,150.0,240.0
170,3.0805067077975394,112.2660215937082,284918.42664909153,6047495.14875722,0.9834503491608838,37,37,T37,284918.42664909153,6047495.14875722,150.0,240.0
171,7.25196274043537,4878.704190012562,285518.42664909153,6043415.14875722,42.73744870451005,38,38,T38,285518.42664909153,6043415.14875722,150.0,240.0
172,4.749214847249343,1219.845182605952,287558.42664909153,6042455.14875722,10.68584379962814,39,39,T39,287558.42664909153,6042455.14875722,150.0,240.0
173,4.114014628420548,690.0882001027368,283838.42664909153,6047135.14875722,6.045172632899975,40,40,T40,283838.42664909153,6047135.14875722,150.0,240.0
174,8.901425349169152,8958.11685951683,284318.42664909153,6037415.14875722,78.47310368936743,41,41,T41,284318.42664909153,6037415.14875722,150.0,240.0
175,8.458746874473727,7741.636411053802,282038.42664909153,6038735.14875722,67.8167349608313,42,42,T42,282038.42664909153,6038735.14875722,150.0,240.0
176,2.879966936724445,0.0,288398.42664909153,6053975.14875722,0.0,43,43,T43,288398.42664909153,6053975.14875722,150.0,240.0
177,10.239453336288637,13219.644633561391,276398.42664909153,6032015.14875722,115.80408698999778,44,44,T44,276398.42664909153,6032015.14875722,150.0,240.0
178,5.067009783401826,1511.2210042340403,287318.42664909153,6049175.14875722,13.238295997090193,45,45,T45,287318.42664909153,6049175.14875722,150.0,240.0
179,5.0078127214961885,1438.5862092758232,283838.42664909153,6044975.14875722,12.60201519325621,46,46,T46,283838.42664909153,6044975.14875722,150.0,240.0
180,8.814207234163604,8718.441479481582,282878.42664909153,6035735.14875722,76.37354736025866,47,47,T47,282878.42664909153,6035735.14875722,150.0,240.0
181,10.239450787921651,13219.638688221212,279398.42664909153,6031775.14875722,115.80403490881781,48,48,T48,279398.42664909153,6031775.14875722,150.0,240.0
182,4.531875337046865,1038.5840310970857,290198.42664909153,6047495.14875722,9.09799611241047,49,49,T49,290198.42664909153,6047495.14875722,150.0,240.0
183,4.041129588404102,629.3020767290211,287318.42664909153,6044135.14875722,5.512686192146225,50,50,T50,287318.42664909153,6044135.14875722,150.0,240.0
184,5.460171678612669,1993.630649657745,285398.42664909153,6049535.14875722,17.464204491001848,51,51,T51,285398.42664909153,6049535.14875722,150.0,240.0
185,3.7757848867515884,477.2870655445839,285278.42664909153,6045575.14875722,4.181034694170555,52,52,T52,285278.42664909153,6045575.14875722,150.0,240.0
186,6.441788483233107,3399.5300172813186,281798.42664909153,6044015.14875722,29.77988295138435,53,53,T53,281798.42664909153,6044015.14875722,150.0,240.0
187,5.763483855643848,2365.794690875002,281438.42664909153,6036455.14875722,20.724361492065018,54,54,T54,281438.42664909153,6036455.14875722,150.0,240.0
188,3.7784916394001935,478.7081106851016,286718.42664909153,6045695.14875722,4.19348304960149,55,55,T55,286718.42664909153,6045695.14875722,150.0,240.0
189,5.97975468813862,2631.1590023460863,283598.42664909153,6036575.14875722,23.048952860551715,56,56,T56,283598.42664909153,6036575.14875722,150.0,240.0
190,6.662973801139557,3771.784907317875,286118.42664909153,6039575.14875722,33.04083578810459,57,57,T57,286118.42664909153,6039575.14875722,150.0,240.0
191,4.8208614204394005,1279.59842464646,287798.42664909153,6050615.14875722,11.209282199902988,58,58,T58,287798.42664909153,6050615.14875722,150.0,240.0
192,3.3840418942446555,271.62199447844415,293318.42664909153,6048215.14875722,2.379408671631171,59,59,T59,293318.42664909153,6048215.14875722,150.0,240.0
193,6.660976715326143,3768.4238118938983,290438.42664909153,6051695.14875722,33.011392592190546,60,60,T60,290438.42664909153,6051695.14875722,150.0,240.0
194,7.456309045030261,5316.41397445482,276758.42664909153,6034055.14875722,46.57178641622423,61,61,T61,276758.42664909153,6034055.14875722,150.0,240.0
195,6.090546491888409,2808.3897458481924,286718.42664909153,6047015.14875722,24.601494173630165,62,62,T62,286718.42664909153,6047015.14875722,150.0,240.0
196,2.9268097962731936,0.0,287798.42664909153,6045335.14875722,0.0,63,63,T63,287798.42664909153,6045335.14875722,150.0,240.0
197,3.828075155064368,504.7394564087933,287438.42664909153,6051695.14875722,4.4215176381410295,64,64,T64,287438.42664909153,6051695.14875722,150.0,240.0
198,6.143323105293627,2897.212786209174,281318.42664909153,6041495.14875722,25.379584007192364,65,65,T65,281318.42664909153,6041495.14875722,150.0,240.0
199,5.109125852815386,1562.8974214044786,282278.42664909153,6041975.14875722,13.690981411503232,66,66,T66,282278.42664909153,6041975.14875722,150.0,240.0
200,5.7883474375456165,2396.3023058684716,284918.42664909153,6044495.14875722,20.991608199407814,67,67,T67,284918.42664909153,6044495.14875722,150.0,240.0
201,5.987680447805444,2640.8839094572804,277118.42664909153,6035135.14875722,23.134143046845775,68,68,T68,277118.42664909153,6035135.14875722,150.0,240.0
202,10.16646472587759,13049.362205472418,278558.42664909153,6032615.14875722,114.31241291993838,69,69,T69,278558.42664909153,6032615.14875722,150.0,240.0
203,4.145756512797875,716.5609316734276,293678.42664909153,6049295.14875722,6.277073761459226,70,70,T70,293678.42664909153,6049295.14875722,150.0,240.0
204,5.570414903773529,2128.8990869301206,291638.42664909153,6049535.14875722,18.649156001507855,71,71,T71,291638.42664909153,6049535.14875722,150.0,240.0
205,7.44119762590121,5284.045314680391,277238.42664909153,6037055.14875722,46.28823695660023,72,72,T72,277238.42664909153,6037055.14875722,150.0,240.0
206,6.590134993064537,3649.1971933276163,280238.42664909153,6041135.14875722,31.96696741354992,73,73,T73,280238.42664909153,6041135.14875722,150.0,240.0
207,10.162437474807213,13039.966628725228,277718.42664909153,6033455.14875722,114.23010766763299,74,74,T74,277718.42664909153,6033455.14875722,150.0,240.0
208,5.344955891460081,1852.2608788215198,289958.42664909153,6044135.14875722,16.225805298476512,75,75,T75,289958.42664909153,6044135.14875722,150.0,240.0
209,4.778481706323176,1244.2537430735288,281798.42664909153,6037655.14875722,10.899662789324111,76,76,T76,281798.42664909153,6037655.14875722,150.0,240.0
210,5.707125043093498,2296.642427875722,292478.42664909153,6050375.14875722,20.118587668191328,77,77,T77,292478.42664909153,6050375.14875722,150.0,240.0
211,5.839004115567482,2458.4580498013,283118.42664909153,6044135.14875722,21.53609251625939,78,78,T78,283118.42664909153,6044135.14875722,150.0,240.0
212,6.116522704617455,2852.1077118711764,283118.42664909153,6042935.14875722,24.984463555991503,79,79,T79,283118.42664909153,6042935.14875722,150.0,240.0
213,5.098874860403271,1550.3194537148133,279998.42664909153,6036455.14875722,13.580798414541764,80,80,T80,279998.42664909153,6036455.14875722,150.0,240.0
214,10.239453336288637,13219.644633561391,277238.42664909153,6031295.14875722,115.80408698999778,81,81,T81,277238.42664909153,6031295.14875722,150.0,240.0
215,7.202106021267069,4771.911097554061,282638.42664909153,6040895.14875722,41.80194121457357,82,82,T82,282638.42664909153,6040895.14875722,150.0,240.0
216,4.638943268314982,1127.878685774695,285638.42664909153,6046655.14875722,9.880217287386328,83,83,T83,285638.42664909153,6046655.14875722,150.0,240.0
217,10.166489074059282,13049.419009780304,277478.42664909153,6032375.14875722,114.31291052567546,84,84,T84,277478.42664909153,6032375.14875722,150.0,240.0
218,9.747109515958194,11793.07985876852,279638.42664909153,6032855.14875722,103.30737956281224,85,85,T85,279638.42664909153,6032855.14875722,150.0,240.0
219,5.283650205305976,1777.038801910433,289478.42664909153,6048935.14875722,15.566859904735393,86,86,T86,289478.42664909153,6048935.14875722,150.0,240.0
220,7.456309049083502,5316.413983136861,275558.42664909153,6034055.14875722,46.5717864922789,87,87,T87,275558.42664909153,6034055.14875722,150.0,240.0
221,5.357542335718119,1867.7044459261315,292718.42664909153,6047255.14875722,16.361090946312913,88,88,T88,292718.42664909153,6047255.14875722,150.0,240.0
222,5.264787493385691,1753.8942543842425,286478.42664909153,6040655.14875722,15.364113668405963,89,89,T89,286478.42664909153,6040655.14875722,150.0,240.0
223,6.057238334009259,2752.3321161375834,288398.42664909153,6043775.14875722,24.11042933736523,90,90,T90,288398.42664909153,6043775.14875722,150.0,240.0
224,6.667146640942695,3778.807796706556,284198.42664909153,6038615.14875722,33.102356299149434,91,91,T91,284198.42664909153,6038615.14875722,150.0,240.0
225,7.687523133017763,5811.674550924048,279278.42664909153,6040175.14875722,50.910269066094656,92,92,T92,279278.42664909153,6040175.14875722,150.0,240.0
226,6.297724812559997,3157.0708595384745,283478.42664909153,6041855.14875722,27.655940729557038,93,93,T93,283478.42664909153,6041855.14875722,150.0,240.0
227,7.241723593702493,4856.77193771074,283238.42664909153,6037535.14875722,42.54532217434608,94,94,T94,283238.42664909153,6037535.14875722,150.0,240.0
228,7.529937225109785,5474.12553618516,288998.42664909153,6046655.14875722,47.953339696982,95,95,T95,288998.42664909153,6046655.14875722,150.0,240.0
229,6.1536340212296246,2914.566057729458,280238.42664909153,6034295.14875722,25.531598665710053,96,96,T96,280238.42664909153,6034295.14875722,150.0,240.0
230,4.131017045744689,704.2682161510705,286598.42664909153,6043055.14875722,6.169389573483377,97,97,T97,286598.42664909153,6043055.14875722,150.0,240.0
231,7.39752745243695,5190.503803119947,278558.42664909153,6038975.14875722,45.468813315330735,98,98,T98,278558.42664909153,6038975.14875722,150.0,240.0
232,6.686316653745119,3811.070928253035,284798.42664909153,6048575.14875722,33.38498133149659,99,99,T99,284798.42664909153,6048575.14875722,150.0,240.0
233,7.898356065946312,6263.278693257001,280598.42664909153,6038495.14875722,54.86632135293133,100,100,T100,280598.42664909153,6038495.14875722,150.0,240.0
234,7.117139255578551,4589.912285449256,279038.42664909153,6035855.14875722,40.20763162053549,101,101,T101,279038.42664909153,6035855.14875722,150.0,240.0
235,5.30171296817232,1799.201811947437,286478.42664909153,6049895.14875722,15.761007872659548,102,102,T102,286478.42664909153,6049895.14875722,150.0,240.0
236,3.701765832950114,438.42706229881,284198.42664909153,6046055.14875722,3.8406210657375754,103,103,T103,284198.42664909153,6046055.14875722,150.0,240.0
237,6.115839438128559,2850.957774370364,283838.42664909153,6040775.14875722,24.97439010348439,104,104,T104,283838.42664909153,6040775.14875722,150.0,240.0
238,4.080159344767317,661.8528935359424,289118.42664909153,6050375.14875722,5.797831347374856,105,105,T105,289118.42664909153,6050375.14875722,150.0,240.0
239,6.4990531827931886,3495.906506640936,284438.42664909153,6039695.14875722,30.6241409981746,106,106,T106,284438.42664909153,6039695.14875722,150.0,240.0
240,5.13236494878887,1591.4117921639431,284198.42664909153,6043655.14875722,13.940767299356143,107,107,T107,284198.42664909153,6043655.14875722,150.0,240.0
241,9.89598085552876,12304.006296174706,277958.42664909153,6038015.14875722,107.78309515449044,108,108,T108,277958.42664909153,6038015.14875722,150.0,240.0
242,7.3807964779174835,5154.66605569925,280598.42664909153,6035375.14875722,45.15487464792543,109,109,T109,280598.42664909153,6035375.14875722,150.0,240.0
243,4.958668614441454,1394.5296244441724,282518.42664909153,6036815.14875722,12.216079510130951,110,110,T110,282518.42664909153,6036815.14875722,150.0,240.0
244,6.970090373893033,4288.662099261975,280598.42664909153,6042215.14875722,37.5686799895349,111,111,T111,280598.42664909153,6042215.14875722,150.0,240.0
245,7.764950080152481,5977.523071686614,291158.42664909153,6048215.14875722,52.36310210797474,112,112,T112,291158.42664909153,6048215.14875722,150.0,240.0
246,6.140113467052568,2891.810965049471,285278.42664909153,6040415.14875722,25.33226405383337,113,113,T113,285278.42664909153,6040415.14875722,150.0,240.0
247,4.508589335402479,1019.1635057256674,288038.42664909153,6048335.14875722,8.927872310156847,114,114,T114,288038.42664909153,6048335.14875722,150.0,240.0
248,7.947068231605332,6367.6201520986215,279158.42664909153,6034775.14875722,55.78035253238393,115,115,T115,279158.42664909153,6034775.14875722,150.0,240.0
249,6.837470191797497,4065.4623327951867,281198.42664909153,6039335.14875722,35.61345003528584,116,116,T116,281198.42664909153,6039335.14875722,150.0,240.0
250,10.239453336288637,13219.644633561391,278198.42664909153,6030455.14875722,115.80408698999778,117,117,T117,278198.42664909153,6030455.14875722,150.0,240.0
251,5.428329943808571,1954.560841053116,283118.42664909153,6045815.14875722,17.121952967625298,118,118,T118,283118.42664909153,6045815.14875722,150.0,240.0
252,6.15210323355307,2911.989742069816,287798.42664909153,6046655.14875722,25.50903014053159,119,119,T119,287798.42664909153,6046655.14875722,150.0,240.0
253,5.959740317826043,2606.6013699725545,288758.42664909153,6042695.14875722,22.833828000959578,120,120,T120,288758.42664909153,6042695.14875722,150.0,240.0
254,6.400858235618116,3330.6444105452883,281318.42664909153,6040415.14875722,29.176445036376723,121,121,T121,281318.42664909153,6040415.14875722,150.0,240.0
255,3.2595124539468725,206.24403832210805,290318.42664909153,6050375.14875722,1.8066977757016667,122,122,T122,290318.42664909153,6050375.14875722,150.0,240.0
256,5.704987924562827,2294.020183438589,285158.42664909153,6041615.14875722,20.095616806922038,123,123,T123,285158.42664909153,6041615.14875722,150.0,240.0
257,4.367707743936957,901.6682584434219,289118.42664909153,6053015.14875722,7.898613943964376,124,124,T124,289118.42664909153,6053015.14875722,150.0,240.0
258,4.665954161337309,1150.4057705553157,291398.42664909153,6050735.14875722,10.077554550064566,125,125,T125,291398.42664909153,6050735.14875722,150.0,240.0
259,6.590779818840378,3650.2824351083564,290198.42664909153,6053375.14875722,31.976474131549203,126,126,T126,290198.42664909153,6053375.14875722,150.0,240.0
260,6.682524126853599,3804.6881054946066,286478.42664909153,6051095.14875722,33.32906780413275,127,127,T127,286478.42664909153,6051095.14875722,150.0,240.0
261,10.134823046835917,12975.542168268195,278798.42664909153,6033695.14875722,113.66574939402939,128,128,T128,278798.42664909153,6033695.14875722,150.0,240.0
262,10.239453336288637,13219.644633561391,276158.42664909153,6033095.14875722,115.80408698999778,129,129,T129,276158.42664909153,6033095.14875722,150.0,240.0
263,9.655036976497287,11477.08690333869,282998.42664909153,6038495.14875722,100.53928127324693,130,130,T130,282998.42664909153,6038495.14875722,150.0,240.0
264,5.8433686455654374,2463.8133281087917,290558.42664909153,6046415.14875722,21.583004754233013,131,131,T131,290558.42664909153,6046415.14875722,150.0,240.0
265,6.499684979938415,3496.969821236353,285878.42664909153,6048335.14875722,30.633455634030447,132,132,T132,285878.42664909153,6048335.14875722,150.0,240.0
266,4.820522161252459,1279.3154824845508,301205.4819782141,6043520.31749603,11.206803626564664,0,0,T0,301205.4819782141,6043520.31749603,150.0,240.0
267,5.998223218711529,2653.819889359046,291605.4819782141,6057080.31749603,23.247462230785246,1,1,T1,291605.4819782141,6057080.31749603,150.0,240.0
268,6.899331612416882,4169.575103697612,305885.4819782141,6044000.31749603,36.52547790839108,2,2,T2,305885.4819782141,6044000.31749603,150.0,240.0
269,6.781055550375911,3970.5164912826585,300725.4819782141,6050240.31749603,34.78172446363609,3,3,T3,300725.4819782141,6050240.31749603,150.0,240.0
270,7.371370432732165,5134.4754669122985,301805.4819782141,6045680.31749603,44.97800509015173,4,4,T4,301805.4819782141,6045680.31749603,150.0,240.0
271,3.9958836961448645,592.8389404760538,298925.4819782141,6051320.31749603,5.193269118570232,5,5,T5,298925.4819782141,6051320.31749603,150.0,240.0
272,6.281118277682816,3129.122061340179,292805.4819782141,6057200.31749603,27.411109257339966,6,6,T6,292805.4819782141,6057200.31749603,150.0,240.0
273,7.130303129629339,4618.109303666044,306245.4819782141,6045080.31749603,40.45463750011455,7,7,T7,306245.4819782141,6045080.31749603,150.0,240.0
274,7.538159412147636,5491.737460820237,301565.4819782141,6047960.31749603,48.10762015678528,8,8,T8,301565.4819782141,6047960.31749603,150.0,240.0
275,5.093542302716055,1543.7764054325996,293165.4819782141,6051440.31749603,13.523481311589572,9,9,T9,293165.4819782141,6051440.31749603,150.0,240.0
276,6.101752786796134,2827.249940177894,293885.4819782141,6054800.31749603,24.76670947595835,10,10,T10,293885.4819782141,6054800.31749603,150.0,240.0
277,5.502227427808075,2045.2330539205077,294725.4819782141,6056120.31749603,17.916241552343646,11,11,T11,294725.4819782141,6056120.31749603,150.0,240.0
278,5.7317142286322715,2326.8133585317973,300965.4819782141,6041480.31749603,20.382885020738545,12,12,T12,300965.4819782141,6041480.31749603,150.0,240.0
279,6.226236423802044,3036.7559012588404,299285.4819782141,6046160.31749603,26.60198169502744,13,13,T13,299285.4819782141,6046160.31749603,150.0,240.0
280,5.041369277052844,1479.76010294384,301565.4819782141,6044600.31749603,12.962698501788037,14,14,T14,301565.4819782141,6044600.31749603,150.0,240.0
281,5.493359281066278,2034.3518378683227,298565.4819782141,6050240.31749603,17.820922099726506,15,15,T15,298565.4819782141,6050240.31749603,150.0,240.0
282,4.884200615030247,1332.423312935226,296405.4819782141,6053720.31749603,11.67202822131258,16,16,T16,296405.4819782141,6053720.31749603,150.0,240.0
283,7.384742641812414,5163.11873876219,301685.4819782141,6042320.31749603,45.22892015155679,17,17,T17,301685.4819782141,6042320.31749603,150.0,240.0
284,4.702228220200337,1180.658335647081,299045.4819782141,6044120.31749603,10.34256702026843,18,18,T18,299045.4819782141,6044120.31749603,150.0,240.0
285,6.141960850556186,2894.9201114860603,299405.4819782141,6048320.31749603,25.359500176617885,19,19,T19,299405.4819782141,6048320.31749603,150.0,240.0
286,4.211844038275942,771.6779279221354,292325.4819782141,6052520.31749603,6.759898648597906,20,20,T20,292325.4819782141,6052520.31749603,150.0,240.0
287,6.305440082157451,3170.0556582709905,302525.4819782141,6041360.31749603,27.769687566453875,21,21,T21,302525.4819782141,6041360.31749603,150.0,240.0
288,6.817939169028325,4032.5916214746703,298445.4819782141,6047960.31749603,35.325502604118114,22,22,T22,298445.4819782141,6047960.31749603,150.0,240.0
289,3.7227512879931446,449.4444261964009,295685.4819782141,6048200.31749603,3.937133173480472,23,23,T23,295685.4819782141,6048200.31749603,150.0,240.0
290,5.740121436438644,2337.1290025102157,289805.4819782141,6056240.31749603,20.47325006198949,24,24,T24,289805.4819782141,6056240.31749603,150.0,240.0
291,5.681013634574012,2264.603729622313,302525.4819782141,6043760.31749603,19.83792867149146,25,25,T25,302525.4819782141,6043760.31749603,150.0,240.0
292,6.368538185594441,3276.2497663554445,302645.4819782141,6047720.31749603,28.699947953273693,26,26,T26,302645.4819782141,6047720.31749603,150.0,240.0
293,7.231165596894171,4834.156708547315,291125.4819782141,6058160.31749603,42.347212766874485,27,27,T27,291125.4819782141,6058160.31749603,150.0,240.0
294,5.777349574335185,2382.807927709272,302885.4819782141,6045440.31749603,20.87339744673322,28,28,T28,302885.4819782141,6045440.31749603,150.0,240.0
295,6.212065954310334,3012.907001104292,294245.4819782141,6051080.31749603,26.393065329673597,29,29,T29,294245.4819782141,6051080.31749603,150.0,240.0
296,3.925871204005792,556.0823821030408,304685.4819782141,6046640.31749603,4.871281667222638,30,30,T30,304685.4819782141,6046640.31749603,150.0,240.0
297,6.352253615885527,3248.8428355353417,298205.4819782141,6044960.31749603,28.459863239289593,31,31,T31,298205.4819782141,6044960.31749603,150.0,240.0
298,5.307610832874367,1806.4384919368485,299645.4819782141,6050480.31749603,15.824401189366792,32,32,T32,299645.4819782141,6050480.31749603,150.0,240.0
299,4.881549958305785,1330.2126652270244,304685.4819782141,6043760.31749603,11.652662947388734,33,33,T33,304685.4819782141,6043760.31749603,150.0,240.0
300,4.9587894932816745,1394.6304373969165,297485.4819782141,6053360.31749603,12.216962631596989,34,34,T34,297485.4819782141,6053360.31749603,150.0,240.0
301,7.62016902703967,5667.402055918973,300485.4819782141,6047720.31749603,49.646442009850205,35,35,T35,300485.4819782141,6047720.31749603,150.0,240.0
302,7.857500206682661,6175.765442714261,301685.4819782141,6040640.31749603,54.09970527817693,36,36,T36,301685.4819782141,6040640.31749603,150.0,240.0
303,6.298755545905042,3158.8055837581855,298565.4819782141,6046880.31749603,27.671136913721707,37,37,T37,298565.4819782141,6046880.31749603,150.0,240.0
304,3.4669563080644217,315.15206173382137,300365.4819782141,6046520.31749603,2.7607320607882753,38,38,T38,300365.4819782141,6046520.31749603,150.0,240.0
305,5.289153433331558,1783.7912626978216,303605.4819782141,6041720.31749603,15.626011461232919,39,39,T39,303605.4819782141,6041720.31749603,150.0,240.0
306,6.049520185568968,2739.342472312574,303725.4819782141,6047480.31749603,23.996640057458148,40,40,T40,303725.4819782141,6047480.31749603,150.0,240.0
307,6.630197343357925,3716.6221288713878,294845.4819782141,6052760.31749603,32.55760984891336,41,41,T41,294845.4819782141,6052760.31749603,150.0,240.0
308,5.804268602760065,2415.8375755866,302765.4819782141,6042560.31749603,21.162737162138615,42,42,T42,302765.4819782141,6042560.31749603,150.0,240.0
309,4.7291554129197415,1203.1156143750645,290885.4819782141,6054320.31749603,10.539292781925564,43,43,T43,290885.4819782141,6054320.31749603,150.0,240.0
310,3.6270209134125158,399.18597954157076,295325.4819782141,6049280.31749603,3.49686918078416,44,44,T44,295325.4819782141,6049280.31749603,150.0,240.0
311,3.924258167484832,555.2355379295367,292565.4819782141,6054920.31749603,4.863863312262742,45,45,T45,292565.4819782141,6054920.31749603,150.0,240.0
312,6.617296267897146,3694.9096188708963,305405.4819782141,6045920.31749603,32.36740826130905,46,46,T46,305405.4819782141,6045920.31749603,150.0,240.0
313,4.830766939215188,1287.8596273054668,296045.4819782141,6054800.31749603,11.28165033519589,47,47,T47,296045.4819782141,6054800.31749603,150.0,240.0
314,4.804676310606481,1266.1000430458048,299525.4819782141,6047240.31749603,11.09103637708125,48,48,T48,299525.4819782141,6047240.31749603,150.0,240.0
315,4.6855481161003585,1166.7471288276988,300725.4819782141,6045440.31749603,10.22070484853064,49,49,T49,300725.4819782141,6045440.31749603,150.0,240.0
316,6.593525317398137,3654.903109181064,293645.4819782141,6055880.31749603,32.01695123642612,50,50,T50,293645.4819782141,6055880.31749603,150.0,240.0
317,6.102605729863287,2828.6854433599115,299645.4819782141,6043160.31749603,24.779284483832825,51,51,T51,299645.4819782141,6043160.31749603,150.0,240.0
318,4.765574296237764,1233.4889630622952,301325.4819782141,6049280.31749603,10.805363316425705,52,52,T52,301325.4819782141,6049280.31749603,150.0,240.0
319,4.1151187041289665,691.008999243558,302525.4819782141,6046520.31749603,6.053238833373568,53,53,T53,302525.4819782141,6046520.31749603,150.0,240.0
320,5.90631024648284,2541.0426724344443,293885.4819782141,6056960.31749603,22.25953381052573,54,54,T54,293885.4819782141,6056960.31749603,150.0,240.0
321,4.925841783571428,1367.1520474985712,297485.4819782141,6048440.31749603,11.976251936087484,55,55,T55,297485.4819782141,6048440.31749603,150.0,240.0
322,3.5203807016498376,343.19986836616476,300365.4819782141,6048800.31749603,3.006430846887603,56,56,T56,300365.4819782141,6048800.31749603,150.0,240.0
323,3.0428683546216893,92.50588617638687,294125.4819782141,6053720.31749603,0.810351562905149,57,57,T57,294125.4819782141,6053720.31749603,150.0,240.0
324,6.1206961848721075,2859.131679139757,302285.4819782141,6048800.31749603,25.04599350926427,58,58,T58,302285.4819782141,6048800.31749603,150.0,240.0
325,4.968298621414602,1402.5610502597783,299525.4819782141,6049400.31749603,12.286434800275657,59,59,T59,299525.4819782141,6049400.31749603,150.0,240.0
326,3.819439488942195,500.20573169465246,295205.4819782141,6051680.31749603,4.381802209645156,60,60,T60,295205.4819782141,6051680.31749603,150.0,240.0
327,4.649888827413428,1137.0072820627993,294965.4819782141,6055040.31749603,9.96018379087012,61,61,T61,294965.4819782141,6055040.31749603,150.0,240.0
328,6.204230692485446,2999.7202554530054,294365.4819782141,6049880.31749603,26.27754943776833,62,62,T62,294365.4819782141,6049880.31749603,150.0,240.0
329,2.872141230273246,0.0,301445.4819782141,6046760.31749603,0.0,63,63,T63,301445.4819782141,6046760.31749603,150.0,240.0
330,5.863145030771263,2488.07895275634,297725.4819782141,6051080.31749603,21.79557162614554,64,64,T64,297725.4819782141,6051080.31749603,150.0,240.0
331,8.347046670448865,7434.684250393481,300605.4819782141,6042560.31749603,65.12783403344689,65,65,T65,300605.4819782141,6042560.31749603,150.0,240.0
332,4.420063062636592,945.3325942389175,296405.4819782141,6051560.31749603,8.281113525532916,66,66,T66,296405.4819782141,6051560.31749603,150.0,240.0
333,3.802856886264222,491.4998652887164,300245.4819782141,6044120.31749603,4.305538819929155,67,67,T67,300245.4819782141,6044120.31749603,150.0,240.0
334,6.56787769405962,3611.73815910234,296045.4819782141,6052640.31749603,31.6388262737365,68,68,T68,296045.4819782141,6052640.31749603,150.0,240.0
335,5.872317080822486,2499.3330581691907,297005.4819782141,6046520.31749603,21.89415758956211,69,69,T69,297005.4819782141,6046520.31749603,150.0,240.0
336,6.047039150854342,2735.166890887858,298565.4819782141,6052400.31749603,23.960061964177637,70,70,T70,298565.4819782141,6052400.31749603,150.0,240.0
337,3.571227776273702,369.8945825436936,298445.4819782141,6049040.31749603,3.2402765430827563,71,71,T71,298445.4819782141,6049040.31749603,150.0,240.0
338,4.395366394246632,924.735572801691,297605.4819782141,6047360.31749603,8.100683617742813,72,72,T72,297605.4819782141,6047360.31749603,150.0,240.0
339,5.12609314615208,1583.7162903286019,291725.4819782141,6053480.31749603,13.873354703278553,73,73,T73,291725.4819782141,6053480.31749603,150.0,240.0
340,4.650282964620046,1137.3359924931183,291725.4819782141,6059120.31749603,9.963063294239717,74,74,T74,291725.4819782141,6059120.31749603,150.0,240.0
341,5.842093831347341,2462.2491310631876,296525.4819782141,6050240.31749603,21.569302388113524,75,75,T75,296525.4819782141,6050240.31749603,150.0,240.0
342,3.9864210612480244,587.8710571552128,290285.4819782141,6055280.31749603,5.149750460679664,76,76,T76,290285.4819782141,6055280.31749603,150.0,240.0
343,6.7455039090525775,3910.683078935488,292445.4819782141,6056120.31749603,34.25758377147488,77,77,T77,292445.4819782141,6056120.31749603,150.0,240.0
344,6.085711507292445,2800.2524667731855,296525.4819782141,6049040.31749603,24.530211608933104,78,78,T78,296525.4819782141,6049040.31749603,150.0,240.0
345,5.45824666918078,1991.268663084817,296525.4819782141,6047480.31749603,17.443513488622997,79,79,T79,296525.4819782141,6047480.31749603,150.0,240.0
346,3.8655782240361334,524.42856761897,291485.4819782141,6055280.31749603,4.593994252342177,80,80,T80,291485.4819782141,6055280.31749603,150.0,240.0
347,4.51428844756499,1023.9165652692017,297965.4819782141,6046040.31749603,8.969509111758205,81,81,T81,297965.4819782141,6046040.31749603,150.0,240.0
348,5.403327304500688,1923.882602622344,297485.4819782141,6049640.31749603,16.853211598971733,82,82,T82,297485.4819782141,6049640.31749603,150.0,240.0
349,4.69925399452196,1178.1778314313142,295325.4819782141,6050480.31749603,10.320837803338312,83,83,T83,295325.4819782141,6050480.31749603,150.0,240.0
350,5.0697450711235295,1514.5772022685705,293525.4819782141,6052760.31749603,13.267696291872678,84,84,T84,293525.4819782141,6052760.31749603,150.0,240.0
351,4.086821161777817,667.4088489226997,290885.4819782141,6056240.31749603,5.846501516562849,85,85,T85,290885.4819782141,6056240.31749603,150.0,240.0
352,3.959069659014657,573.5115709826949,299645.4819782141,6045080.31749603,5.023961361808408,86,86,T86,299645.4819782141,6045080.31749603,150.0,240.0
353,6.068600588936976,2771.45479118093,292565.4819782141,6058280.31749603,24.277943970744946,87,87,T87,292565.4819782141,6058280.31749603,150.0,240.0
354,7.037255866202555,4418.802065405873,295205.4819782141,6053960.31749603,38.708706092955445,88,88,T88,295205.4819782141,6053960.31749603,150.0,240.0
355,3.2432719986944583,197.7177993145906,292925.4819782141,6053840.31749603,1.7320079219958135,89,89,T89,292925.4819782141,6053840.31749603,150.0,240.0
356,3.994427964952394,592.0746816000068,304325.4819782141,6045560.31749603,5.186574210816059,90,90,T90,304325.4819782141,6045560.31749603,150.0,240.0
357,5.3514503690748425,1860.2296028548317,297365.4819782141,6052160.31749603,16.295611321008323,91,91,T91,297365.4819782141,6052160.31749603,150.0,240.0
358,6.772761446015553,3956.5575136441767,306965.4819782141,6044240.31749603,34.659443819522984,92,92,T92,306965.4819782141,6044240.31749603,150.0,240.0
359,4.404146250903358,932.0579732534009,303725.4819782141,6044600.31749603,8.164827845699792,93,93,T93,303725.4819782141,6044600.31749603,150.0,240.0
360,5.227755995066939,1708.4566059471344,303605.4819782141,6043400.31749603,14.966079868096896,94,94,T94,303605.4819782141,6043400.31749603,150.0,240.0
361,5.329274719703357,1833.0200810760193,290405.4819782141,6057200.31749603,16.05725591022593,95,95,T95,290405.4819782141,6057200.31749603,150.0,240.0
362,7.8962979078726345,6258.870118663183,304445.4819782141,6042560.31749603,54.82770223948949,96,96,T96,304445.4819782141,6042560.31749603,150.0,240.0
363,6.337763357228296,3224.4557302152216,305525.4819782141,6042920.31749603,28.24623219668534,97,97,T97,305525.4819782141,6042920.31749603,150.0,240.0
364,2.843349022713614,0.0,305165.4819782141,6044840.31749603,0.0,98,98,T98,305165.4819782141,6044840.31749603,150.0,240.0
365,5.220610081868962,1699.6885704532165,303605.4819782141,6046400.31749603,14.889271877170177,99,99,T99,303605.4819782141,6046400.31749603,150.0,240.0
